{"cameraMode":{"drawMode":0,"name":"Shaded","section":"Shading Mode"},"sceneLighting":true,"audioPlay":false,"sceneViewState":{"m_AlwaysRefresh":false,"showFog":true,"showSkybox":true,"showFlares":true,"showImageEffects":true,"showParticleSystems":true,"showVisualEffectGraphs":true,"m_FxEnabled":true},"in2DMode":false,"pivot":{"x":898.7603759765625,"y":1046.2742919921875,"z":31.628814697265626},"rotation":{"x":-0.11702945828437805,"y":0.013999661430716515,"z":-0.0016496458556503058,"w":-0.9930315017700195},"size":1206.42138671875,"orthographic":false}