{"cameraMode":{"drawMode":0,"name":"Shaded","section":"Shading Mode"},"sceneLighting":true,"audioPlay":false,"sceneViewState":{"m_AlwaysRefresh":false,"showFog":true,"showSkybox":true,"showFlares":true,"showImageEffects":true,"showParticleSystems":true,"showVisualEffectGraphs":true,"m_FxEnabled":true},"in2DMode":false,"pivot":{"x":-15.223590850830079,"y":519.1266479492188,"z":1127.057373046875},"rotation":{"x":0.005327929742634296,"y":0.9885218739509583,"z":-0.14668112993240357,"w":0.035900287330150607},"size":18555.529296875,"orthographic":false}